CookerStat, GenerateAssetRegistry=0.062007, Initialize=64.818283, RunGuid=RunID61F6334A4014FE717F336182279350E9
SavePackageTransactionId2E2FC44B443A9F95B83BA8A2F075CF22_0, Filename=../../../../sergey/UnrealProjects/TopDownMiniGame/Content/TopDownBP/Maps/TopDownExampleMap.umap, AutoPackageBackupDelegate=83.216164, FlushAsyncLoading=0.026084, FlushStreamingFunc=0.095360, BlockTillAllRequestsFinished=0.011977, ResetLoadersForSaveUnMarkAllObjects=105.147537, TagPackageExports=2.876658, BeginCacheForCookedPlatformData=0.003848, SerializeImports=72.841888, GatherLocalizableTextData=19.916389, MarkNames=0.124440, SerializeSummary=0.028223, SerializeNames=51.209846, SerializeGatherableTextData=0.274539, BuildExportMap=3.532641, SortExportsNonSeekfree=5.826019, SortExportsSeekfreeConstructor=0.400260, SortExportsSeekfreeInner=99.745300, SortExportsSeekfree=0.015825, BuildDependencyMap=2.265576, SerializeImportMap=0.073552, SerializeExportMap=0.090230, SerializeDependencyMap=0.069704, SerializeStringAssetReferenceMap=0.011545, SaveThumbNailsAssetRegistryDataWorldLevelInfo=5.344078, SerializeExports=41.949543, SerializeBulkData=558.386292, MoveFile=74.750389, UnaccountedTime=1.997456, RunGuid=RunID61F6334A4014FE717F336182279350E9
SavePackageTransactionId2E2FC44B443A9F95B83BA8A2F075CF22_1, Filename=../../../../sergey/UnrealProjects/TopDownMiniGame/Content/TopDownBP/Blueprints/TopDownCharacter.uasset, AutoPackageBackupDelegate=4.366945, FlushAsyncLoading=0.011973, FlushStreamingFunc=0.063289, BlockTillAllRequestsFinished=0.006843, ResetLoadersForSaveUnMarkAllObjects=0.141118, TagPackageExports=28.804661, BeginCacheForCookedPlatformData=0.007696, SerializeImports=49.947914, GatherLocalizableTextData=20.589050, MarkNames=1.477886, SerializeSummary=0.036776, SerializeNames=1.242261, SerializeGatherableTextData=0.573881, BuildExportMap=0.639733, SortExportsNonSeekfree=6.411865, SortExportsSeekfreeConstructor=0.033356, SortExportsSeekfreeInner=51.293236, SortExportsSeekfree=0.010692, BuildDependencyMap=0.228353, SerializeImportMap=0.042338, SerializeExportMap=0.133846, SerializeDependencyMap=0.023946, SerializeStringAssetReferenceMap=0.003420, SaveThumbNailsAssetRegistryDataWorldLevelInfo=28.139696, SerializeExports=42.484936, SerializeBulkData=0.013255, MoveFile=2.742384, UnaccountedTime=1.962390, RunGuid=RunID61F6334A4014FE717F336182279350E9
SavePackageTransactionId2E2FC44B443A9F95B83BA8A2F075CF22_2, Filename=../../../../sergey/UnrealProjects/TopDownMiniGame/Content/TopDownBP/Maps/TopDownExampleMap.umap, AutoPackageBackupDelegate=3.277779, FlushAsyncLoading=0.005130, FlushStreamingFunc=0.123587, BlockTillAllRequestsFinished=0.008553, ResetLoadersForSaveUnMarkAllObjects=77.775009, TagPackageExports=2.672251, BeginCacheForCookedPlatformData=0.003852, SerializeImports=5.811047, GatherLocalizableTextData=22.305555, MarkNames=0.148814, SerializeSummary=0.027794, SerializeNames=0.860389, SerializeGatherableTextData=0.054311, BuildExportMap=0.587989, SortExportsNonSeekfree=1.583938, SortExportsSeekfreeConstructor=0.106908, SortExportsSeekfreeInner=41.289711, SortExportsSeekfree=0.008982, BuildDependencyMap=0.205688, SerializeImportMap=0.080820, SerializeExportMap=0.109904, SerializeDependencyMap=0.027798, SerializeStringAssetReferenceMap=0.003848, SaveThumbNailsAssetRegistryDataWorldLevelInfo=2.117191, SerializeExports=16.757496, SerializeBulkData=564.737061, MoveFile=4.937831, UnaccountedTime=1.831107, RunGuid=RunID61F6334A4014FE717F336182279350E9
SavePackageTransactionId2E2FC44B443A9F95B83BA8A2F075CF22_3, Filename=../../../../sergey/UnrealProjects/TopDownMiniGame/Content/TopDownBP/Blueprints/TopDownCharacter.uasset, AutoPackageBackupDelegate=3.793497, FlushAsyncLoading=0.005987, FlushStreamingFunc=0.079542, BlockTillAllRequestsFinished=0.008125, ResetLoadersForSaveUnMarkAllObjects=0.141542, TagPackageExports=30.413826, BeginCacheForCookedPlatformData=0.008125, SerializeImports=32.371082, GatherLocalizableTextData=20.208464, MarkNames=0.160787, SerializeSummary=0.021379, SerializeNames=0.558484, SerializeGatherableTextData=0.227928, BuildExportMap=0.520423, SortExportsNonSeekfree=4.865136, SortExportsSeekfreeConstructor=0.018813, SortExportsSeekfreeInner=51.763626, SortExportsSeekfree=0.011120, BuildDependencyMap=1.332920, SerializeImportMap=0.048753, SerializeExportMap=0.155654, SerializeDependencyMap=0.026941, SerializeStringAssetReferenceMap=0.004277, SaveThumbNailsAssetRegistryDataWorldLevelInfo=14.225077, SerializeExports=65.505051, SerializeBulkData=0.014111, MoveFile=1.779795, UnaccountedTime=1.921762, RunGuid=RunID61F6334A4014FE717F336182279350E9
SavePackageTransactionId2E2FC44B443A9F95B83BA8A2F075CF22_4, Filename=../../../../sergey/UnrealProjects/TopDownMiniGame/Content/TopDownBP/Blueprints/TopDownCharacter.uasset, AutoPackageBackupDelegate=2.632484, FlushAsyncLoading=0.004277, FlushStreamingFunc=0.058156, BlockTillAllRequestsFinished=0.007272, ResetLoadersForSaveUnMarkAllObjects=0.121873, TagPackageExports=32.368942, BeginCacheForCookedPlatformData=0.008982, SerializeImports=30.941948, GatherLocalizableTextData=19.497313, MarkNames=0.150952, SerializeSummary=0.020955, SerializeNames=0.565752, SerializeGatherableTextData=0.210393, BuildExportMap=0.500754, SortExportsNonSeekfree=4.417408, SortExportsSeekfreeConstructor=0.095360, SortExportsSeekfreeInner=54.262260, SortExportsSeekfree=0.010692, BuildDependencyMap=0.246741, SerializeImportMap=0.049606, SerializeExportMap=0.154801, SerializeDependencyMap=0.026513, SerializeStringAssetReferenceMap=0.002991, SaveThumbNailsAssetRegistryDataWorldLevelInfo=3.699418, SerializeExports=57.372837, SerializeBulkData=0.015393, MoveFile=2.577320, UnaccountedTime=2.212126, RunGuid=RunID61F6334A4014FE717F336182279350E9
SavePackageTransactionId2E2FC44B443A9F95B83BA8A2F075CF22_5, Filename=../../../../sergey/UnrealProjects/TopDownMiniGame/Content/TopDownBP/Maps/TopDownExampleMap.umap, AutoPackageBackupDelegate=3.182415, FlushAsyncLoading=0.004701, FlushStreamingFunc=0.061154, BlockTillAllRequestsFinished=0.006840, ResetLoadersForSaveUnMarkAllObjects=81.247360, TagPackageExports=2.570480, BeginCacheForCookedPlatformData=0.004277, SerializeImports=4.656021, GatherLocalizableTextData=23.245483, MarkNames=0.143256, SerializeSummary=0.026513, SerializeNames=0.847988, SerializeGatherableTextData=0.055164, BuildExportMap=0.555061, SortExportsNonSeekfree=1.498412, SortExportsSeekfreeConstructor=0.098355, SortExportsSeekfreeInner=40.063698, SortExportsSeekfree=0.008553, BuildDependencyMap=0.200558, SerializeImportMap=0.083815, SerializeExportMap=0.106052, SerializeDependencyMap=0.026084, SerializeStringAssetReferenceMap=0.003852, SaveThumbNailsAssetRegistryDataWorldLevelInfo=2.047058, SerializeExports=16.490654, SerializeBulkData=566.363281, MoveFile=4.393458, UnaccountedTime=1.710944, RunGuid=RunID61F6334A4014FE717F336182279350E9
SavePackageTransactionId2E2FC44B443A9F95B83BA8A2F075CF22_6, Filename=../../../../sergey/UnrealProjects/TopDownMiniGame/Content/TopDownBP/Blueprints/TopDownCharacter.uasset, AutoPackageBackupDelegate=2.611533, FlushAsyncLoading=0.003848, FlushStreamingFunc=0.092793, BlockTillAllRequestsFinished=0.007696, ResetLoadersForSaveUnMarkAllObjects=0.106055, TagPackageExports=28.065287, BeginCacheForCookedPlatformData=0.008125, SerializeImports=31.627863, GatherLocalizableTextData=20.140469, MarkNames=0.151381, SerializeSummary=0.020526, SerializeNames=0.546508, SerializeGatherableTextData=0.209540, BuildExportMap=0.525557, SortExportsNonSeekfree=4.392601, SortExportsSeekfreeConstructor=0.016250, SortExportsSeekfreeInner=48.667595, SortExportsSeekfree=0.011120, BuildDependencyMap=0.235196, SerializeImportMap=0.053454, SerializeExportMap=0.172764, SerializeDependencyMap=0.025228, SerializeStringAssetReferenceMap=0.003424, SaveThumbNailsAssetRegistryDataWorldLevelInfo=15.418589, SerializeExports=58.998680, SerializeBulkData=0.014964, MoveFile=1.961105, UnaccountedTime=2.002157, RunGuid=RunID61F6334A4014FE717F336182279350E9
SavePackageTransactionId2E2FC44B443A9F95B83BA8A2F075CF22_7, Filename=../../../../sergey/UnrealProjects/TopDownMiniGame/Content/TopDownBP/Maps/TopDownExampleMap.umap, AutoPackageBackupDelegate=70.459991, FlushAsyncLoading=0.013683, FlushStreamingFunc=0.083391, BlockTillAllRequestsFinished=0.006840, ResetLoadersForSaveUnMarkAllObjects=87.211502, TagPackageExports=3.091756, BeginCacheForCookedPlatformData=0.003848, SerializeImports=5.404376, GatherLocalizableTextData=22.804167, MarkNames=0.140265, SerializeSummary=0.023518, SerializeNames=0.839010, SerializeGatherableTextData=0.052169, BuildExportMap=0.549078, SortExportsNonSeekfree=1.422718, SortExportsSeekfreeConstructor=0.091087, SortExportsSeekfreeInner=41.144745, SortExportsSeekfree=0.008553, BuildDependencyMap=0.212532, SerializeImportMap=0.073552, SerializeExportMap=0.099637, SerializeDependencyMap=0.026513, SerializeStringAssetReferenceMap=0.003848, SaveThumbNailsAssetRegistryDataWorldLevelInfo=2.059035, SerializeExports=17.066669, SerializeBulkData=594.226318, MoveFile=3.084060, UnaccountedTime=1.802884, RunGuid=RunID61F6334A4014FE717F336182279350E9
SavePackageTransactionId2E2FC44B443A9F95B83BA8A2F075CF22_8, Filename=../../../../sergey/UnrealProjects/TopDownMiniGame/Content/TopDownBP/Inventory/Interactable.uasset, AutoPackageBackupDelegate=4.221555, FlushAsyncLoading=0.011545, FlushStreamingFunc=0.083815, BlockTillAllRequestsFinished=0.009835, ResetLoadersForSaveUnMarkAllObjects=0.180461, TagPackageExports=12.768999, BeginCacheForCookedPlatformData=0.009406, SerializeImports=35.575310, GatherLocalizableTextData=7.454000, MarkNames=0.066280, SerializeSummary=0.018388, SerializeNames=0.204835, SerializeGatherableTextData=0.230920, BuildExportMap=0.239044, SortExportsNonSeekfree=1.172133, SortExportsSeekfreeConstructor=0.017960, SortExportsSeekfreeInner=12.431174, SortExportsSeekfree=0.009406, BuildDependencyMap=0.095788, SerializeImportMap=0.026517, SerializeExportMap=0.066709, SerializeDependencyMap=0.012830, SerializeStringAssetReferenceMap=0.002991, SaveThumbNailsAssetRegistryDataWorldLevelInfo=1.435123, SerializeExports=18.742123, SerializeBulkData=0.012826, MoveFile=18.667284, UnaccountedTime=1.923475, RunGuid=RunID61F6334A4014FE717F336182279350E9
SavePackageTransactionId2E2FC44B443A9F95B83BA8A2F075CF22_9, Filename=../../../../sergey/UnrealProjects/TopDownMiniGame/Content/TopDownBP/Maps/TopDownExampleMap.umap, AutoPackageBackupDelegate=5.638287, FlushAsyncLoading=0.006415, FlushStreamingFunc=0.069704, BlockTillAllRequestsFinished=0.010692, ResetLoadersForSaveUnMarkAllObjects=95.270592, TagPackageExports=3.232874, BeginCacheForCookedPlatformData=0.005133, SerializeImports=5.785391, GatherLocalizableTextData=25.862999, MarkNames=0.151806, SerializeSummary=0.027370, SerializeNames=0.910848, SerializeGatherableTextData=0.057731, BuildExportMap=0.624765, SortExportsNonSeekfree=1.734894, SortExportsSeekfreeConstructor=0.109900, SortExportsSeekfreeInner=49.031933, SortExportsSeekfree=0.009838, BuildDependencyMap=0.252299, SerializeImportMap=0.079110, SerializeExportMap=0.114176, SerializeDependencyMap=0.033785, SerializeStringAssetReferenceMap=0.005130, SaveThumbNailsAssetRegistryDataWorldLevelInfo=2.576891, SerializeExports=22.063087, SerializeBulkData=672.003479, MoveFile=4.078723, UnaccountedTime=1.951274, RunGuid=RunID61F6334A4014FE717F336182279350E9
SavePackageTransactionId2E2FC44B443A9F95B83BA8A2F075CF22_10, Filename=../../../../sergey/UnrealProjects/TopDownMiniGame/Content/TopDownBP/Inventory/Interactable.uasset, AutoPackageBackupDelegate=4.043657, FlushAsyncLoading=0.008553, FlushStreamingFunc=0.096645, BlockTillAllRequestsFinished=0.009835, ResetLoadersForSaveUnMarkAllObjects=0.180889, TagPackageExports=17.321539, BeginCacheForCookedPlatformData=0.010263, SerializeImports=18.793861, GatherLocalizableTextData=12.371305, MarkNames=0.087235, SerializeSummary=0.021812, SerializeNames=0.256576, SerializeGatherableTextData=0.289932, BuildExportMap=0.278387, SortExportsNonSeekfree=1.738738, SortExportsSeekfreeConstructor=0.031646, SortExportsSeekfreeInner=18.794291, SortExportsSeekfree=0.010263, BuildDependencyMap=0.119738, SerializeImportMap=0.041053, SerializeExportMap=0.074405, SerializeDependencyMap=0.017107, SerializeStringAssetReferenceMap=0.004277, SaveThumbNailsAssetRegistryDataWorldLevelInfo=1.752850, SerializeExports=21.016680, SerializeBulkData=0.013258, MoveFile=2.285249, UnaccountedTime=2.339557, RunGuid=RunID61F6334A4014FE717F336182279350E9
SavePackageTransactionId2E2FC44B443A9F95B83BA8A2F075CF22_11, Filename=../../../../sergey/UnrealProjects/TopDownMiniGame/Content/TopDownBP/Maps/TopDownExampleMap.umap, AutoPackageBackupDelegate=4.483689, FlushAsyncLoading=0.006843, FlushStreamingFunc=0.103060, BlockTillAllRequestsFinished=0.011545, ResetLoadersForSaveUnMarkAllObjects=95.951805, TagPackageExports=2.978861, BeginCacheForCookedPlatformData=0.004277, SerializeImports=5.433884, GatherLocalizableTextData=24.291460, MarkNames=0.148389, SerializeSummary=0.027794, SerializeNames=0.867233, SerializeGatherableTextData=0.055164, BuildExportMap=0.586279, SortExportsNonSeekfree=1.551438, SortExportsSeekfreeConstructor=0.102203, SortExportsSeekfreeInner=46.643196, SortExportsSeekfree=0.009406, BuildDependencyMap=0.236906, SerializeImportMap=0.076544, SerializeExportMap=0.108190, SerializeDependencyMap=0.029933, SerializeStringAssetReferenceMap=0.004705, SaveThumbNailsAssetRegistryDataWorldLevelInfo=2.471697, SerializeExports=20.304247, SerializeBulkData=634.940857, MoveFile=5.102470, UnaccountedTime=2.062027, RunGuid=RunID61F6334A4014FE717F336182279350E9
SavePackageTransactionId2E2FC44B443A9F95B83BA8A2F075CF22_12, Filename=../../../../sergey/UnrealProjects/TopDownMiniGame/Content/TopDownBP/Inventory/Interactable.uasset, AutoPackageBackupDelegate=3.055837, FlushAsyncLoading=0.004277, FlushStreamingFunc=0.087235, BlockTillAllRequestsFinished=0.007696, ResetLoadersForSaveUnMarkAllObjects=0.132993, TagPackageExports=8.371264, BeginCacheForCookedPlatformData=0.007696, SerializeImports=10.052275, GatherLocalizableTextData=7.420644, MarkNames=0.060722, SerializeSummary=0.019673, SerializeNames=0.218090, SerializeGatherableTextData=0.260852, BuildExportMap=0.230491, SortExportsNonSeekfree=1.054961, SortExportsSeekfreeConstructor=0.016250, SortExportsSeekfreeInner=10.562863, SortExportsSeekfree=0.008982, BuildDependencyMap=0.082530, SerializeImportMap=0.029076, SerializeExportMap=0.058588, SerializeDependencyMap=0.078257, SerializeStringAssetReferenceMap=0.005558, SaveThumbNailsAssetRegistryDataWorldLevelInfo=1.292296, SerializeExports=15.012771, SerializeBulkData=0.011973, MoveFile=1.980778, UnaccountedTime=1.907222, RunGuid=RunID61F6334A4014FE717F336182279350E9
SavePackageTransactionId2E2FC44B443A9F95B83BA8A2F075CF22_13, Filename=../../../../sergey/UnrealProjects/TopDownMiniGame/Content/TopDownBP/Maps/TopDownExampleMap.umap, AutoPackageBackupDelegate=3.152478, FlushAsyncLoading=0.005133, FlushStreamingFunc=0.064570, BlockTillAllRequestsFinished=0.008553, ResetLoadersForSaveUnMarkAllObjects=92.558144, TagPackageExports=3.285471, BeginCacheForCookedPlatformData=0.005987, SerializeImports=5.868782, GatherLocalizableTextData=25.002182, MarkNames=0.151381, SerializeSummary=0.025656, SerializeNames=0.884336, SerializeGatherableTextData=0.056449, BuildExportMap=0.612363, SortExportsNonSeekfree=1.714792, SortExportsSeekfreeConstructor=0.104770, SortExportsSeekfreeInner=46.120209, SortExportsSeekfree=0.009835, BuildDependencyMap=0.223652, SerializeImportMap=0.080392, SerializeExportMap=0.112895, SerializeDependencyMap=0.028651, SerializeStringAssetReferenceMap=0.004277, SaveThumbNailsAssetRegistryDataWorldLevelInfo=2.341695, SerializeExports=19.477215, SerializeBulkData=630.969482, MoveFile=3.898695, UnaccountedTime=1.958538, RunGuid=RunID61F6334A4014FE717F336182279350E9
SavePackageTransactionId2E2FC44B443A9F95B83BA8A2F075CF22_14, Filename=../../../../sergey/UnrealProjects/TopDownMiniGame/Content/TopDownBP/Inventory/Interactable.uasset, AutoPackageBackupDelegate=3.656227, FlushAsyncLoading=0.006843, FlushStreamingFunc=0.093650, BlockTillAllRequestsFinished=0.007696, ResetLoadersForSaveUnMarkAllObjects=0.147533, TagPackageExports=10.021053, BeginCacheForCookedPlatformData=0.007272, SerializeImports=10.466218, GatherLocalizableTextData=6.496113, MarkNames=0.058584, SerializeSummary=0.018388, SerializeNames=0.205688, SerializeGatherableTextData=0.251018, BuildExportMap=0.222795, SortExportsNonSeekfree=1.100719, SortExportsSeekfreeConstructor=0.017960, SortExportsSeekfreeInner=10.639407, SortExportsSeekfree=0.008982, BuildDependencyMap=0.093650, SerializeImportMap=0.028223, SerializeExportMap=0.070561, SerializeDependencyMap=0.084672, SerializeStringAssetReferenceMap=0.005558, SaveThumbNailsAssetRegistryDataWorldLevelInfo=1.369268, SerializeExports=17.599497, SerializeBulkData=0.014540, MoveFile=2.107356, UnaccountedTime=2.050050, RunGuid=RunID61F6334A4014FE717F336182279350E9
SavePackageTransactionId2E2FC44B443A9F95B83BA8A2F075CF22_15, Filename=../../../../sergey/UnrealProjects/TopDownMiniGame/Content/TopDownBP/Maps/TopDownExampleMap.umap, AutoPackageBackupDelegate=84.521713, FlushAsyncLoading=0.015397, FlushStreamingFunc=0.079967, BlockTillAllRequestsFinished=0.006415, ResetLoadersForSaveUnMarkAllObjects=95.027702, TagPackageExports=3.021195, BeginCacheForCookedPlatformData=0.004277, SerializeImports=50.255810, GatherLocalizableTextData=19.741491, MarkNames=0.126150, SerializeSummary=0.022665, SerializeNames=0.689339, SerializeGatherableTextData=0.044473, BuildExportMap=0.506312, SortExportsNonSeekfree=1.238842, SortExportsSeekfreeConstructor=0.083815, SortExportsSeekfreeInner=36.924473, SortExportsSeekfree=0.009410, BuildDependencyMap=0.202268, SerializeImportMap=0.075262, SerializeExportMap=0.103060, SerializeDependencyMap=0.018388, SerializeStringAssetReferenceMap=0.002991, SaveThumbNailsAssetRegistryDataWorldLevelInfo=1.973934, SerializeExports=16.637333, SerializeBulkData=604.039978, MoveFile=3.028467, UnaccountedTime=1.777653, RunGuid=RunID61F6334A4014FE717F336182279350E9
SavePackageTransactionId2E2FC44B443A9F95B83BA8A2F075CF22_16, Filename=../../../../sergey/UnrealProjects/TopDownMiniGame/Content/TopDownBP/Blueprints/TopDownCharacter.uasset, AutoPackageBackupDelegate=4.543558, FlushAsyncLoading=0.012830, FlushStreamingFunc=0.070132, BlockTillAllRequestsFinished=0.006411, ResetLoadersForSaveUnMarkAllObjects=0.145823, TagPackageExports=37.844307, BeginCacheForCookedPlatformData=0.008978, SerializeImports=65.136436, GatherLocalizableTextData=24.136660, MarkNames=0.196282, SerializeSummary=0.025231, SerializeNames=0.704303, SerializeGatherableTextData=1.336768, BuildExportMap=0.744503, SortExportsNonSeekfree=6.035555, SortExportsSeekfreeConstructor=0.029933, SortExportsSeekfreeInner=64.711380, SortExportsSeekfree=0.012401, BuildDependencyMap=0.277530, SerializeImportMap=0.055164, SerializeExportMap=0.197135, SerializeDependencyMap=0.047039, SerializeStringAssetReferenceMap=0.006415, SaveThumbNailsAssetRegistryDataWorldLevelInfo=19.336950, SerializeExports=63.473392, SerializeBulkData=0.016678, MoveFile=2.217256, UnaccountedTime=1.913212, RunGuid=RunID61F6334A4014FE717F336182279350E9
SavePackageTransactionId2E2FC44B443A9F95B83BA8A2F075CF22_17, Filename=../../../../sergey/UnrealProjects/TopDownMiniGame/Content/TopDownBP/Maps/TopDownExampleMap.umap, AutoPackageBackupDelegate=4.895494, FlushAsyncLoading=0.006843, FlushStreamingFunc=0.138979, BlockTillAllRequestsFinished=0.011120, ResetLoadersForSaveUnMarkAllObjects=104.451790, TagPackageExports=3.283765, BeginCacheForCookedPlatformData=0.004277, SerializeImports=5.941048, GatherLocalizableTextData=24.439421, MarkNames=0.142828, SerializeSummary=0.027798, SerializeNames=0.889894, SerializeGatherableTextData=0.056446, BuildExportMap=0.608519, SortExportsNonSeekfree=1.632258, SortExportsSeekfreeConstructor=0.101350, SortExportsSeekfreeInner=48.766804, SortExportsSeekfree=0.010263, BuildDependencyMap=0.251446, SerializeImportMap=0.084668, SerializeExportMap=0.121448, SerializeDependencyMap=0.035919, SerializeStringAssetReferenceMap=0.005133, SaveThumbNailsAssetRegistryDataWorldLevelInfo=2.602547, SerializeExports=22.196938, SerializeBulkData=685.015381, MoveFile=3.392808, UnaccountedTime=1.915775, RunGuid=RunID61F6334A4014FE717F336182279350E9
SavePackageTransactionId2E2FC44B443A9F95B83BA8A2F075CF22_18, Filename=../../../../sergey/UnrealProjects/TopDownMiniGame/Content/TopDownBP/Blueprints/TopDownCharacter.uasset, AutoPackageBackupDelegate=3.403071, FlushAsyncLoading=0.006843, FlushStreamingFunc=0.051741, BlockTillAllRequestsFinished=0.005987, ResetLoadersForSaveUnMarkAllObjects=0.148818, TagPackageExports=34.016598, BeginCacheForCookedPlatformData=0.009406, SerializeImports=51.157681, GatherLocalizableTextData=31.388391, MarkNames=0.238616, SerializeSummary=0.028651, SerializeNames=0.769734, SerializeGatherableTextData=0.327561, BuildExportMap=0.727825, SortExportsNonSeekfree=6.521340, SortExportsSeekfreeConstructor=1.252953, SortExportsSeekfreeInner=72.621658, SortExportsSeekfree=0.013255, BuildDependencyMap=0.295918, SerializeImportMap=0.050031, SerializeExportMap=0.165068, SerializeDependencyMap=0.040196, SerializeStringAssetReferenceMap=0.004705, SaveThumbNailsAssetRegistryDataWorldLevelInfo=17.730780, SerializeExports=52.845528, SerializeBulkData=0.014968, MoveFile=1.808014, UnaccountedTime=1.825549, RunGuid=RunID61F6334A4014FE717F336182279350E9
SavePackageTransactionId2E2FC44B443A9F95B83BA8A2F075CF22_19, Filename=../../../../sergey/UnrealProjects/TopDownMiniGame/Content/TopDownBP/Maps/TopDownExampleMap.umap, AutoPackageBackupDelegate=4.282705, FlushAsyncLoading=0.038486, FlushStreamingFunc=0.068422, BlockTillAllRequestsFinished=0.008125, ResetLoadersForSaveUnMarkAllObjects=89.547638, TagPackageExports=2.801824, BeginCacheForCookedPlatformData=0.004705, SerializeImports=5.158059, GatherLocalizableTextData=21.932234, MarkNames=0.122730, SerializeSummary=0.025656, SerializeNames=0.787694, SerializeGatherableTextData=0.049606, BuildExportMap=0.523843, SortExportsNonSeekfree=1.414597, SortExportsSeekfreeConstructor=0.089802, SortExportsSeekfreeInner=42.738949, SortExportsSeekfree=0.008978, BuildDependencyMap=0.220656, SerializeImportMap=0.079114, SerializeExportMap=0.109471, SerializeDependencyMap=0.028223, SerializeStringAssetReferenceMap=0.004277, SaveThumbNailsAssetRegistryDataWorldLevelInfo=2.192452, SerializeExports=17.150917, SerializeBulkData=589.230774, MoveFile=5.728088, UnaccountedTime=1.937162, RunGuid=RunID61F6334A4014FE717F336182279350E9
SavePackageTransactionId2E2FC44B443A9F95B83BA8A2F075CF22_20, Filename=../../../../sergey/UnrealProjects/TopDownMiniGame/Content/TopDownBP/Blueprints/TopDownCharacter.uasset, AutoPackageBackupDelegate=3.397085, FlushAsyncLoading=0.004277, FlushStreamingFunc=0.059012, BlockTillAllRequestsFinished=0.008550, ResetLoadersForSaveUnMarkAllObjects=0.134278, TagPackageExports=29.220312, BeginCacheForCookedPlatformData=0.008982, SerializeImports=34.631527, GatherLocalizableTextData=21.872793, MarkNames=0.178751, SerializeSummary=0.022665, SerializeNames=0.603810, SerializeGatherableTextData=0.254441, BuildExportMap=0.571739, SortExportsNonSeekfree=5.130693, SortExportsSeekfreeConstructor=0.019241, SortExportsSeekfreeInner=54.698444, SortExportsSeekfree=0.013258, BuildDependencyMap=1.264926, SerializeImportMap=0.044901, SerializeExportMap=0.141542, SerializeDependencyMap=0.043191, SerializeStringAssetReferenceMap=0.005987, SaveThumbNailsAssetRegistryDataWorldLevelInfo=14.290933, SerializeExports=45.509979, SerializeBulkData=0.014115, MoveFile=1.539893, UnaccountedTime=1.638245, RunGuid=RunID61F6334A4014FE717F336182279350E9
SavePackageTransactionId2E2FC44B443A9F95B83BA8A2F075CF22_21, Filename=../../../../sergey/UnrealProjects/TopDownMiniGame/Content/TopDownBP/Maps/TopDownExampleMap.umap, AutoPackageBackupDelegate=48.013752, FlushAsyncLoading=0.023518, FlushStreamingFunc=0.069704, BlockTillAllRequestsFinished=0.007272, ResetLoadersForSaveUnMarkAllObjects=79.810097, TagPackageExports=2.647452, BeginCacheForCookedPlatformData=0.003848, SerializeImports=44.713737, GatherLocalizableTextData=19.149654, MarkNames=0.113748, SerializeSummary=0.023093, SerializeNames=0.887755, SerializeGatherableTextData=0.045329, BuildExportMap=0.460986, SortExportsNonSeekfree=1.234137, SortExportsSeekfreeConstructor=0.083387, SortExportsSeekfreeInner=34.956100, SortExportsSeekfree=0.008125, BuildDependencyMap=0.192005, SerializeImportMap=0.070129, SerializeExportMap=0.090230, SerializeDependencyMap=0.024799, SerializeStringAssetReferenceMap=0.003852, SaveThumbNailsAssetRegistryDataWorldLevelInfo=1.923047, SerializeExports=41.113102, SerializeBulkData=525.102234, MoveFile=4.115928, UnaccountedTime=1.586933, RunGuid=RunID61F6334A4014FE717F336182279350E9
SavePackageTransactionId2E2FC44B443A9F95B83BA8A2F075CF22_22, Filename=../../../../sergey/UnrealProjects/TopDownMiniGame/Content/TopDownBP/Inventory/Interactable.uasset, AutoPackageBackupDelegate=3.758434, FlushAsyncLoading=0.009835, FlushStreamingFunc=0.070129, BlockTillAllRequestsFinished=0.006415, ResetLoadersForSaveUnMarkAllObjects=0.124440, TagPackageExports=11.504501, BeginCacheForCookedPlatformData=0.008125, SerializeImports=11.189766, GatherLocalizableTextData=9.483955, MarkNames=0.109900, SerializeSummary=0.024375, SerializeNames=0.289503, SerializeGatherableTextData=0.297204, BuildExportMap=0.320721, SortExportsNonSeekfree=1.704957, SortExportsSeekfreeConstructor=0.022665, SortExportsSeekfreeInner=15.105136, SortExportsSeekfree=0.010263, BuildDependencyMap=0.101347, SerializeImportMap=0.025231, SerializeExportMap=0.057302, SerializeDependencyMap=0.102632, SerializeStringAssetReferenceMap=0.007272, SaveThumbNailsAssetRegistryDataWorldLevelInfo=1.879428, SerializeExports=17.800055, SerializeBulkData=0.011545, MoveFile=1.672883, UnaccountedTime=1.616865, RunGuid=RunID61F6334A4014FE717F336182279350E9
SavePackageTransactionId2E2FC44B443A9F95B83BA8A2F075CF22_23, Filename=../../../../sergey/UnrealProjects/TopDownMiniGame/Content/TopDownBP/Maps/TopDownExampleMap.umap, AutoPackageBackupDelegate=4.248921, FlushAsyncLoading=0.006843, FlushStreamingFunc=0.070985, BlockTillAllRequestsFinished=0.010263, ResetLoadersForSaveUnMarkAllObjects=92.892128, TagPackageExports=3.120408, BeginCacheForCookedPlatformData=0.004277, SerializeImports=5.394541, GatherLocalizableTextData=23.226664, MarkNames=0.141118, SerializeSummary=0.027370, SerializeNames=0.938643, SerializeGatherableTextData=0.056449, BuildExportMap=0.582859, SortExportsNonSeekfree=1.612589, SortExportsSeekfreeConstructor=0.101347, SortExportsSeekfreeInner=41.530468, SortExportsSeekfree=0.008978, BuildDependencyMap=0.203554, SerializeImportMap=0.073124, SerializeExportMap=0.098355, SerializeDependencyMap=0.027366, SerializeStringAssetReferenceMap=0.003848, SaveThumbNailsAssetRegistryDataWorldLevelInfo=2.106503, SerializeExports=16.739962, SerializeBulkData=585.214905, MoveFile=3.425736, UnaccountedTime=1.703672, RunGuid=RunID61F6334A4014FE717F336182279350E9
SavePackageTransactionId2E2FC44B443A9F95B83BA8A2F075CF22_24, Filename=../../../../sergey/UnrealProjects/TopDownMiniGame/Content/TopDownBP/Inventory/Interactable.uasset, AutoPackageBackupDelegate=4.110798, FlushAsyncLoading=0.007696, FlushStreamingFunc=0.123158, BlockTillAllRequestsFinished=0.008125, ResetLoadersForSaveUnMarkAllObjects=0.135988, TagPackageExports=9.812374, BeginCacheForCookedPlatformData=0.007696, SerializeImports=14.329847, GatherLocalizableTextData=12.327686, MarkNames=0.114176, SerializeSummary=0.027798, SerializeNames=0.309177, SerializeGatherableTextData=0.313878, BuildExportMap=0.347234, SortExportsNonSeekfree=1.357295, SortExportsSeekfreeConstructor=0.026513, SortExportsSeekfreeInner=12.725808, SortExportsSeekfree=0.008982, BuildDependencyMap=0.088520, SerializeImportMap=0.028223, SerializeExportMap=0.062861, SerializeDependencyMap=0.077829, SerializeStringAssetReferenceMap=0.005130, SaveThumbNailsAssetRegistryDataWorldLevelInfo=1.356441, SerializeExports=18.231958, SerializeBulkData=0.012830, MoveFile=4.569642, UnaccountedTime=2.436202, RunGuid=RunID61F6334A4014FE717F336182279350E9
SavePackageTransactionId2E2FC44B443A9F95B83BA8A2F075CF22_25, Filename=../../../../sergey/UnrealProjects/TopDownMiniGame/Content/TopDownBP/Inventory/Interactable.uasset, AutoPackageBackupDelegate=4.606418, FlushAsyncLoading=0.010692, FlushStreamingFunc=0.080824, BlockTillAllRequestsFinished=0.007268, ResetLoadersForSaveUnMarkAllObjects=0.139836, TagPackageExports=9.031095, BeginCacheForCookedPlatformData=0.005987, SerializeImports=43.584370, GatherLocalizableTextData=5.643848, MarkNames=0.052597, SerializeSummary=0.019241, SerializeNames=0.189014, SerializeGatherableTextData=0.245459, BuildExportMap=0.223648, SortExportsNonSeekfree=0.963021, SortExportsSeekfreeConstructor=0.084672, SortExportsSeekfreeInner=9.460006, SortExportsSeekfree=0.008125, BuildDependencyMap=0.087235, SerializeImportMap=0.029936, SerializeExportMap=0.069704, SerializeDependencyMap=0.067566, SerializeStringAssetReferenceMap=0.005558, SaveThumbNailsAssetRegistryDataWorldLevelInfo=1.257658, SerializeExports=15.921481, SerializeBulkData=0.013255, MoveFile=1.768243, UnaccountedTime=3.947444, RunGuid=RunID61F6334A4014FE717F336182279350E9
SavePackageTransactionId2E2FC44B443A9F95B83BA8A2F075CF22_26, Filename=../../../../sergey/UnrealProjects/TopDownMiniGame/Content/TopDownBP/Maps/TopDownExampleMap.umap, AutoPackageBackupDelegate=28.155941, FlushAsyncLoading=0.017535, FlushStreamingFunc=0.074834, BlockTillAllRequestsFinished=0.008125, ResetLoadersForSaveUnMarkAllObjects=96.806206, TagPackageExports=3.018204, BeginCacheForCookedPlatformData=0.004277, SerializeImports=5.362041, GatherLocalizableTextData=24.187119, MarkNames=0.139408, SerializeSummary=0.025660, SerializeNames=0.835586, SerializeGatherableTextData=0.053026, BuildExportMap=0.552922, SortExportsNonSeekfree=1.497984, SortExportsSeekfreeConstructor=0.097502, SortExportsSeekfreeInner=42.446445, SortExportsSeekfree=0.010263, BuildDependencyMap=0.238191, SerializeImportMap=0.078257, SerializeExportMap=0.115462, SerializeDependencyMap=0.030365, SerializeStringAssetReferenceMap=0.004277, SaveThumbNailsAssetRegistryDataWorldLevelInfo=2.301496, SerializeExports=18.531729, SerializeBulkData=619.592407, MoveFile=3.829416, UnaccountedTime=2.428077, RunGuid=RunID61F6334A4014FE717F336182279350E9
SavePackageTransactionId2E2FC44B443A9F95B83BA8A2F075CF22_27, Filename=../../../../sergey/UnrealProjects/TopDownMiniGame/Content/TopDownBP/Inventory/Interactable.uasset, AutoPackageBackupDelegate=4.400302, FlushAsyncLoading=0.007272, FlushStreamingFunc=0.111181, BlockTillAllRequestsFinished=0.008125, ResetLoadersForSaveUnMarkAllObjects=0.163354, TagPackageExports=11.155985, BeginCacheForCookedPlatformData=0.008125, SerializeImports=13.378370, GatherLocalizableTextData=8.530769, MarkNames=0.067137, SerializeSummary=0.020098, SerializeNames=0.221085, SerializeGatherableTextData=0.265129, BuildExportMap=0.251018, SortExportsNonSeekfree=1.149897, SortExportsSeekfreeConstructor=0.017531, SortExportsSeekfreeInner=13.379228, SortExportsSeekfree=0.011545, BuildDependencyMap=0.113323, SerializeImportMap=0.028227, SerializeExportMap=0.065427, SerializeDependencyMap=0.128288, SerializeStringAssetReferenceMap=0.010263, SaveThumbNailsAssetRegistryDataWorldLevelInfo=1.368839, SerializeExports=17.838970, SerializeBulkData=0.013683, MoveFile=1.672026, UnaccountedTime=1.629267, RunGuid=RunID61F6334A4014FE717F336182279350E9
SavePackageTransactionId2E2FC44B443A9F95B83BA8A2F075CF22_28, Filename=../../../../sergey/UnrealProjects/TopDownMiniGame/Content/TopDownBP/Maps/TopDownExampleMap.umap, AutoPackageBackupDelegate=3.748596, FlushAsyncLoading=0.005987, FlushStreamingFunc=0.070557, BlockTillAllRequestsFinished=0.011120, ResetLoadersForSaveUnMarkAllObjects=106.646805, TagPackageExports=3.262810, BeginCacheForCookedPlatformData=0.004705, SerializeImports=5.801641, GatherLocalizableTextData=24.654091, MarkNames=0.146676, SerializeSummary=0.025231, SerializeNames=0.872791, SerializeGatherableTextData=0.071414, BuildExportMap=0.585426, SortExportsNonSeekfree=1.562554, SortExportsSeekfreeConstructor=0.099208, SortExportsSeekfreeInner=42.627762, SortExportsSeekfree=0.008982, BuildDependencyMap=0.209965, SerializeImportMap=0.086382, SerializeExportMap=0.126578, SerializeDependencyMap=0.028223, SerializeStringAssetReferenceMap=0.004277, SaveThumbNailsAssetRegistryDataWorldLevelInfo=2.212126, SerializeExports=18.352121, SerializeBulkData=678.340942, MoveFile=6.545287, UnaccountedTime=2.303638, RunGuid=RunID61F6334A4014FE717F336182279350E9
SavePackageTransactionId2E2FC44B443A9F95B83BA8A2F075CF22_29, Filename=../../../../sergey/UnrealProjects/TopDownMiniGame/Content/TopDownBP/Inventory/Interactable.uasset, AutoPackageBackupDelegate=3.537774, FlushAsyncLoading=0.006415, FlushStreamingFunc=0.107333, BlockTillAllRequestsFinished=0.010263, ResetLoadersForSaveUnMarkAllObjects=0.176612, TagPackageExports=11.011444, BeginCacheForCookedPlatformData=0.008125, SerializeImports=13.370246, GatherLocalizableTextData=10.449115, MarkNames=0.093222, SerializeSummary=0.029080, SerializeNames=0.345096, SerializeGatherableTextData=0.301052, BuildExportMap=0.329275, SortExportsNonSeekfree=1.431700, SortExportsSeekfreeConstructor=0.029508, SortExportsSeekfreeInner=13.361692, SortExportsSeekfree=0.011973, BuildDependencyMap=0.112467, SerializeImportMap=0.031643, SerializeExportMap=0.078257, SerializeDependencyMap=0.015393, SerializeStringAssetReferenceMap=0.003420, SaveThumbNailsAssetRegistryDataWorldLevelInfo=1.554433, SerializeExports=21.251877, SerializeBulkData=0.018388, MoveFile=2.784293, UnaccountedTime=2.162945, RunGuid=RunID61F6334A4014FE717F336182279350E9
SavePackageTransactionId2E2FC44B443A9F95B83BA8A2F075CF22_30, Filename=../../../../sergey/UnrealProjects/TopDownMiniGame/Content/TopDownBP/Maps/TopDownExampleMap.umap, AutoPackageBackupDelegate=3.273927, FlushAsyncLoading=0.004705, FlushStreamingFunc=0.093222, BlockTillAllRequestsFinished=0.008553, ResetLoadersForSaveUnMarkAllObjects=89.740067, TagPackageExports=2.935674, BeginCacheForCookedPlatformData=0.006415, SerializeImports=5.199969, GatherLocalizableTextData=25.094118, MarkNames=0.156514, SerializeSummary=0.027366, SerializeNames=1.004931, SerializeGatherableTextData=0.060294, BuildExportMap=0.651281, SortExportsNonSeekfree=1.755841, SortExportsSeekfreeConstructor=0.112895, SortExportsSeekfreeInner=47.861088, SortExportsSeekfree=0.009406, BuildDependencyMap=0.228781, SerializeImportMap=0.090230, SerializeExportMap=0.129569, SerializeDependencyMap=0.029936, SerializeStringAssetReferenceMap=0.004701, SaveThumbNailsAssetRegistryDataWorldLevelInfo=2.404988, SerializeExports=19.146231, SerializeBulkData=625.092590, MoveFile=5.932923, UnaccountedTime=2.423376, RunGuid=RunID61F6334A4014FE717F336182279350E9
SavePackageTransactionId2E2FC44B443A9F95B83BA8A2F075CF22_31, Filename=../../../../sergey/UnrealProjects/TopDownMiniGame/Content/TopDownBP/Blueprints/TopDownCharacter.uasset, AutoPackageBackupDelegate=4.305367, FlushAsyncLoading=0.012830, FlushStreamingFunc=0.059441, BlockTillAllRequestsFinished=0.008125, ResetLoadersForSaveUnMarkAllObjects=0.141971, TagPackageExports=34.221863, BeginCacheForCookedPlatformData=0.009406, SerializeImports=55.617847, GatherLocalizableTextData=21.507599, MarkNames=0.169769, SerializeSummary=0.021808, SerializeNames=0.590984, SerializeGatherableTextData=0.235196, BuildExportMap=0.574306, SortExportsNonSeekfree=4.925858, SortExportsSeekfreeConstructor=0.027794, SortExportsSeekfreeInner=56.019390, SortExportsSeekfree=0.028651, BuildDependencyMap=1.282457, SerializeImportMap=0.048749, SerializeExportMap=0.156939, SerializeDependencyMap=0.026941, SerializeStringAssetReferenceMap=0.003848, SaveThumbNailsAssetRegistryDataWorldLevelInfo=15.912928, SerializeExports=49.972290, SerializeBulkData=0.014540, MoveFile=1.806732, UnaccountedTime=1.754563, RunGuid=RunID61F6334A4014FE717F336182279350E9
SavePackageTransactionId2E2FC44B443A9F95B83BA8A2F075CF22_32, Filename=../../../../sergey/UnrealProjects/TopDownMiniGame/Content/TopDownBP/Maps/TopDownExampleMap.umap, AutoPackageBackupDelegate=20.749413, FlushAsyncLoading=0.016250, FlushStreamingFunc=0.069275, BlockTillAllRequestsFinished=0.006843, ResetLoadersForSaveUnMarkAllObjects=89.247437, TagPackageExports=3.462512, BeginCacheForCookedPlatformData=0.005558, SerializeImports=27.320787, GatherLocalizableTextData=24.008799, MarkNames=0.145819, SerializeSummary=0.026941, SerializeNames=0.858679, SerializeGatherableTextData=0.054307, BuildExportMap=0.564471, SortExportsNonSeekfree=1.519796, SortExportsSeekfreeConstructor=0.100065, SortExportsSeekfreeInner=42.033356, SortExportsSeekfree=0.009838, BuildDependencyMap=1.288015, SerializeImportMap=0.082958, SerializeExportMap=0.131283, SerializeDependencyMap=0.027798, SerializeStringAssetReferenceMap=0.003848, SaveThumbNailsAssetRegistryDataWorldLevelInfo=2.467845, SerializeExports=16.996540, SerializeBulkData=624.809509, MoveFile=5.564734, UnaccountedTime=3.154192, RunGuid=RunID61F6334A4014FE717F336182279350E9
SavePackageTransactionId2E2FC44B443A9F95B83BA8A2F075CF22_33, Filename=../../../../sergey/UnrealProjects/TopDownMiniGame/Content/TopDownBP/Inventory/Interactable.uasset, AutoPackageBackupDelegate=4.101817, FlushAsyncLoading=0.012401, FlushStreamingFunc=0.077400, BlockTillAllRequestsFinished=0.010263, ResetLoadersForSaveUnMarkAllObjects=0.172764, TagPackageExports=13.818402, BeginCacheForCookedPlatformData=0.009835, SerializeImports=19.460964, GatherLocalizableTextData=11.254766, MarkNames=0.080395, SerializeSummary=0.022236, SerializeNames=0.303190, SerializeGatherableTextData=0.262991, BuildExportMap=0.277102, SortExportsNonSeekfree=1.224730, SortExportsSeekfreeConstructor=0.019673, SortExportsSeekfreeInner=12.247291, SortExportsSeekfree=0.009835, BuildDependencyMap=0.097502, SerializeImportMap=0.037633, SerializeExportMap=0.096217, SerializeDependencyMap=0.013255, SerializeStringAssetReferenceMap=0.003424, SaveThumbNailsAssetRegistryDataWorldLevelInfo=1.356866, SerializeExports=48.384930, SerializeBulkData=0.017531, MoveFile=2.372485, UnaccountedTime=2.369065, RunGuid=RunID61F6334A4014FE717F336182279350E9
SavePackageTransactionId2E2FC44B443A9F95B83BA8A2F075CF22_34, Filename=../../../../sergey/UnrealProjects/TopDownMiniGame/Content/TopDownBP/Maps/TopDownExampleMap.umap, AutoPackageBackupDelegate=3.288038, FlushAsyncLoading=0.005133, FlushStreamingFunc=0.068847, BlockTillAllRequestsFinished=0.008553, ResetLoadersForSaveUnMarkAllObjects=93.415970, TagPackageExports=2.977151, BeginCacheForCookedPlatformData=0.003848, SerializeImports=5.392403, GatherLocalizableTextData=23.078278, MarkNames=0.142828, SerializeSummary=0.024803, SerializeNames=0.853546, SerializeGatherableTextData=0.050887, BuildExportMap=0.549078, SortExportsNonSeekfree=1.484726, SortExportsSeekfreeConstructor=0.096217, SortExportsSeekfreeInner=41.590336, SortExportsSeekfree=0.009406, BuildDependencyMap=0.218518, SerializeImportMap=0.077400, SerializeExportMap=0.107761, SerializeDependencyMap=0.019673, SerializeStringAssetReferenceMap=0.002991, SaveThumbNailsAssetRegistryDataWorldLevelInfo=2.158672, SerializeExports=17.853510, SerializeBulkData=603.996338, MoveFile=21.063719, UnaccountedTime=1.781501, RunGuid=RunID61F6334A4014FE717F336182279350E9
SavePackageTransactionId2E2FC44B443A9F95B83BA8A2F075CF22_35, Filename=../../../../sergey/UnrealProjects/TopDownMiniGame/Content/TopDownBP/Blueprints/TopDownCharacter.uasset, AutoPackageBackupDelegate=5.713124, FlushAsyncLoading=0.008553, FlushStreamingFunc=0.067137, BlockTillAllRequestsFinished=0.008125, ResetLoadersForSaveUnMarkAllObjects=0.168487, TagPackageExports=36.845367, BeginCacheForCookedPlatformData=0.008978, SerializeImports=35.655273, GatherLocalizableTextData=23.455017, MarkNames=0.191581, SerializeSummary=0.023518, SerializeNames=0.618778, SerializeGatherableTextData=0.247173, BuildExportMap=0.676934, SortExportsNonSeekfree=5.430035, SortExportsSeekfreeConstructor=0.947624, SortExportsSeekfreeInner=63.824898, SortExportsSeekfree=0.013258, BuildDependencyMap=0.317302, SerializeImportMap=0.054736, SerializeExportMap=0.171907, SerializeDependencyMap=0.037629, SerializeStringAssetReferenceMap=0.005133, SaveThumbNailsAssetRegistryDataWorldLevelInfo=20.175102, SerializeExports=62.965794, SerializeBulkData=0.016250, MoveFile=2.915148, UnaccountedTime=2.052192, RunGuid=RunID61F6334A4014FE717F336182279350E9
SavePackageTransactionId2E2FC44B443A9F95B83BA8A2F075CF22_36, Filename=../../../../sergey/UnrealProjects/TopDownMiniGame/Content/TopDownBP/Maps/TopDownExampleMap.umap, AutoPackageBackupDelegate=4.025273, FlushAsyncLoading=0.005558, FlushStreamingFunc=0.073552, BlockTillAllRequestsFinished=0.009835, ResetLoadersForSaveUnMarkAllObjects=87.992348, TagPackageExports=2.649158, BeginCacheForCookedPlatformData=0.004705, SerializeImports=4.906188, GatherLocalizableTextData=22.223019, MarkNames=0.142403, SerializeSummary=0.025228, SerializeNames=0.894602, SerializeGatherableTextData=0.059012, BuildExportMap=0.603810, SortExportsNonSeekfree=1.552723, SortExportsSeekfreeConstructor=0.098351, SortExportsSeekfreeInner=43.748581, SortExportsSeekfree=0.009406, BuildDependencyMap=0.214241, SerializeImportMap=0.077404, SerializeExportMap=0.107761, SerializeDependencyMap=0.028223, SerializeStringAssetReferenceMap=0.004277, SaveThumbNailsAssetRegistryDataWorldLevelInfo=2.150971, SerializeExports=17.627291, SerializeBulkData=590.041992, MoveFile=5.220067, UnaccountedTime=1.826402, RunGuid=RunID61F6334A4014FE717F336182279350E9
SavePackageTransactionId2E2FC44B443A9F95B83BA8A2F075CF22_37, Filename=../../../../sergey/UnrealProjects/TopDownMiniGame/Content/TopDownBP/Blueprints/TopDownCharacter.uasset, AutoPackageBackupDelegate=6.669730, FlushAsyncLoading=0.016250, FlushStreamingFunc=0.056017, BlockTillAllRequestsFinished=0.008982, ResetLoadersForSaveUnMarkAllObjects=0.232201, TagPackageExports=29.835243, BeginCacheForCookedPlatformData=0.007696, SerializeImports=44.211700, GatherLocalizableTextData=22.956833, MarkNames=0.174899, SerializeSummary=0.022236, SerializeNames=0.593975, SerializeGatherableTextData=0.287797, BuildExportMap=0.623483, SortExportsNonSeekfree=4.837338, SortExportsSeekfreeConstructor=0.022236, SortExportsSeekfreeInner=57.846222, SortExportsSeekfree=0.014111, BuildDependencyMap=2.013277, SerializeImportMap=0.052169, SerializeExportMap=0.166349, SerializeDependencyMap=0.045758, SerializeStringAssetReferenceMap=0.005558, SaveThumbNailsAssetRegistryDataWorldLevelInfo=20.701088, SerializeExports=51.256889, SerializeBulkData=0.015397, MoveFile=2.733402, UnaccountedTime=2.723143, RunGuid=RunID61F6334A4014FE717F336182279350E9
SavePackageTransactionId2E2FC44B443A9F95B83BA8A2F075CF22_38, Filename=../../../../sergey/UnrealProjects/TopDownMiniGame/Content/TopDownBP/Maps/TopDownExampleMap.umap, AutoPackageBackupDelegate=3.657937, FlushAsyncLoading=0.005562, FlushStreamingFunc=0.067990, BlockTillAllRequestsFinished=0.009410, ResetLoadersForSaveUnMarkAllObjects=102.872124, TagPackageExports=3.251262, BeginCacheForCookedPlatformData=0.005130, SerializeImports=5.680196, GatherLocalizableTextData=24.342779, MarkNames=0.151377, SerializeSummary=0.026941, SerializeNames=0.902299, SerializeGatherableTextData=0.057731, BuildExportMap=0.579435, SortExportsNonSeekfree=1.568545, SortExportsSeekfreeConstructor=0.103485, SortExportsSeekfreeInner=45.153767, SortExportsSeekfree=0.010263, BuildDependencyMap=0.229638, SerializeImportMap=0.081677, SerializeExportMap=0.114605, SerializeDependencyMap=0.022665, SerializeStringAssetReferenceMap=0.003848, SaveThumbNailsAssetRegistryDataWorldLevelInfo=2.362221, SerializeExports=19.703005, SerializeBulkData=649.341736, MoveFile=23.221533, UnaccountedTime=2.116762, RunGuid=RunID61F6334A4014FE717F336182279350E9
SavePackageTransactionId2E2FC44B443A9F95B83BA8A2F075CF22_39, Filename=../../../../sergey/UnrealProjects/TopDownMiniGame/Content/TopDownBP/Blueprints/TopDownCharacter.uasset, AutoPackageBackupDelegate=6.293416, FlushAsyncLoading=0.009835, FlushStreamingFunc=0.081252, BlockTillAllRequestsFinished=0.009406, ResetLoadersForSaveUnMarkAllObjects=0.197992, TagPackageExports=36.265072, BeginCacheForCookedPlatformData=0.009410, SerializeImports=41.506519, GatherLocalizableTextData=34.449360, MarkNames=1.902521, SerializeSummary=0.131711, SerializeNames=1.057524, SerializeGatherableTextData=0.478517, BuildExportMap=1.270059, SortExportsNonSeekfree=8.576952, SortExportsSeekfreeConstructor=0.044473, SortExportsSeekfreeInner=70.548080, SortExportsSeekfree=0.011973, BuildDependencyMap=0.294209, SerializeImportMap=0.048321, SerializeExportMap=0.155658, SerializeDependencyMap=0.035923, SerializeStringAssetReferenceMap=0.004277, SaveThumbNailsAssetRegistryDataWorldLevelInfo=16.386740, SerializeExports=51.654152, SerializeBulkData=0.015397, MoveFile=2.139855, UnaccountedTime=1.799893, RunGuid=RunID61F6334A4014FE717F336182279350E9
MaterialTransactionIdD47C7E6C402228AE97A851BD9EAAD0FD_0, CacheKey=MATSM_4F0644619F9C48FF91E0D494C95EB050_PCD3D_ES2_5__BC5N_DEV_SL_NoDBuf_EARLYZ3E0199B1B4D6EF04238D12D89380CA94C_Num_ES2__0_7E1768694DAF1C95BD4515ABBE30C437__TBasePassForForwardShadingPSFNoLightMapPolicy0HDRLinear64C0B9AFB3FDBDB1C8D25165BE08BBE352C357422A1854224222222222222222222222224222222222222222222222222222222222222222222424444444440222222222222222222222244442222222222222222222222222222221240222224222222222222222222222222222222000044040000001400000014000000140000001400000014000000_TBasePassForForwardShadingPSFNoLightMapPolicy0HDRLinear32C0B9AFB3FDBDB1C8D25165BE08BBE352C357422A1854224222222222222222222222224222222222222222222222222222222222222222222424444444440222222222222222222222244442222222222222222222222222222221240222224222222222222222222222222222222000044040000001400000014000000140000001400000014000000_TBasePassForForwardShadingVSFNoLightMapPolicyHDRLinear64589E171B1949CF7688BFADB7EFAB430D69E39D00169422422222222222222222222222422222222222222222222222222222222222222222242444444444022222222222222222222224444222222222222222222222222222222124022222422222222222222000044040000001400000014000000140000001400000014000000_FLocalVertexFactory5897CEF715AB93237703E35F9ABEBB43E8E477D3422420000000005630004040404040404040404043434344444343434340404040404040404040434343404040404404040404040404040404040434343444443434343404040404040404040404343434040401610101010100042424444444444444442414141434141414141313141414144434144404444444444444441414141414141414143414341414141414141414141413131444441424144444441410101000444341434141414144444443434143444444440444444444444444444444444444444444444444444444444444444444444444444444444440401010101010101010101010101010101010101010101010121044343434344414444444444444444010101010101010101010101010130143414342414141424441413030000250000001000000010000000100000001000000010000000100000001000000010000000100000001000000010000000100000001000000010000000100000001000000010000000100000001000000010000000100000001000000010000000100000001000000025000000100000001000000010000000100000001000000010000000100000001000000010000000100000001000000010000000100000001000000010000000100000001000000010000000100000001000000010000000100000001000000010000000100000000800000008000000080000000800000008000000080000004900000010000000090000000800000010000000100000001000000026000000180000000900000009000000090000000900000009000000090000000900000009000000090000000900000009000000090000000900000009000000090000000900000009000000090000000800000008000000080000000800000008000000080000001C00000009000000090000000900000009000000090000000900000009000000080000000800000008000000080000000800000008000000080000000D0000003DBD71685C1B148A365CD462D5C445FFC8B9987F0000000000000000000000000000000000000000, ShaderCompilation=4067.889160, RunGuid=RunID61F6334A4014FE717F336182279350E9
MaterialTransactionIdD47C7E6C402228AE97A851BD9EAAD0FD_1, CacheKey=MATSM_4F0644619F9C48FF91E0D494C95EB050_PCD3D_SM5_5__BC5N_DEV_SL_NoDBuf_EARLYZ3E0199B1B4D6EF04238D12D89380CA94C_Num_SM5__0_7E1768694DAF1C95BD4515ABBE30C437__TBasePassVSFNoLightMapPolicyAtmosphericFog8B18AAF8F9198748E9489BA6EBEFA581D907D7CD2094224222222222222222222222224222222222222222222222222222222222222222222424444444440222222222222222222222244442222222222222222222222222222221240222224222222222222222222222222222222222222222222222222222222000044040000001400000014000000140000001400000014000000_TBasePassVSFNoLightMapPolicy8B18AAF8F9198748E9489BA6EBEFA581D907D7CD2094224222222222222222222222224222222222222222222222222222222222222222222424444444440222222222222222222222244442222222222222222222222222222221240222224222222222222222222222222222222222222222222222222222222000044040000001400000014000000140000001400000014000000_TBasePassPSFNoLightMapPolicy8B95D470BB4BF92A5C22A48B60B9DA18A2BE42522144224222222222222222222222224222222222222222222222222222222222222222222424444444440222222222222222222222244442222222222222222222222222222221240222224222222222222222222222222222222222222222222222222222222222202004044001400000014000000140000001400000014000000_FEvaluateSurfelMaterialCS6258113C2EBBF117ED7778A8D1717F7C4F99C7B816742242222222222222222222222242222222222222222222222222222222222222222224244444444402222222222222222222222444422222222222222222222222222222222222222222222222222220000440414000000140000001400000014000000_FConvertToUniformMeshVSE7DF727A12438F2D529D6604B0B1C022849CCFEB152422422222222222222222222222422222222222222222222222222222222222222222242444444444022222222222222222222224444222222222222222222222222222222124022020040441400000014000000140000001400000014000000_FConvertToUniformMeshGSE7DF727A12438F2D529D6604B0B1C022849CCFEB152422422222222222222222222222422222222222222222222222222222222222222222242444444444022222222222222222222224444222222222222222222222222222222124022020040441400000014000000140000001400000014000000_FLocalVertexFactory5897CEF715AB93237703E35F9ABEBB43E8E477D34224200000000058000040404040404040404040434343444443434343404040404040404040404343434040404044040404040404040404040404343434444434343434040404040404040404043434340404016101010101000424244444444444444424141414341414141413131414141444341444044444444444444414141414141414141434143414141414141414141414131314444414241444444414101010004443414341414141444444434341434444444404444444444444444444444444444444444444444444444444444444444444444444444444404010101010101010101010101010101010101010101010101210443434343444144444444444444440101010101010101010101010101301434143424141414244414130331313141444444440000250000001000000010000000100000001000000010000000100000001000000010000000100000001000000010000000100000001000000010000000100000001000000010000000100000001000000010000000100000001000000010000000100000001000000025000000100000001000000010000000100000001000000010000000100000001000000010000000100000001000000010000000100000001000000010000000100000001000000010000000100000001000000010000000100000001000000010000000100000000800000008000000080000000800000008000000080000004900000010000000090000000800000010000000100000001000000026000000180000000900000009000000090000000900000009000000090000000900000009000000090000000900000009000000090000000900000009000000090000000900000009000000090000000800000008000000080000000800000008000000080000001C00000009000000090000000900000009000000090000000900000009000000080000000800000008000000080000000800000008000000080000000D000000080000003DBD71685C1B148A365CD462D5C445FFC8B9987F0000000000000000000000000000000000000000, ShaderCompilation=4746.739258, RunGuid=RunID61F6334A4014FE717F336182279350E9
DDCTransactionId7FED162943CB209F828AC08F2EF934D5_0, PutCachedData=, CacheKey=MATSM_4F0644619F9C48FF91E0D494C95EB050_PCD3D_ES2_5__BC5N_DEV_SL_NoDBuf_EARLYZ3__61E339029B82B700302088322AB02721C50481FD, StartTime=2018.12.02-15.08.02, HierarchicalDDC=, DataSize=11952, Duration=3.962837, RunGuid=RunID61F6334A4014FE717F336182279350E9
DDCTransactionId7FED162943CB209F828AC08F2EF934D5_1, PutCachedData=, CacheKey=MATSM_4F0644619F9C48FF91E0D494C95EB050_PCD3D_SM5_5__BC5N_DEV_SL_NoDBuf_EARLYZ3__810E1186464D38263ABB8A67922EFDECEA94D7B3, StartTime=2018.12.02-15.08.03, HierarchicalDDC=, DataSize=19007, Duration=2.922416, RunGuid=RunID61F6334A4014FE717F336182279350E9
SavePackageTransactionId2E2FC44B443A9F95B83BA8A2F075CF22_40, Filename=../../../../sergey/UnrealProjects/TopDownMiniGame/Content/TopDownBP/Maps/TopDownExampleMap.umap, AutoPackageBackupDelegate=36.068794, FlushAsyncLoading=0.017103, FlushStreamingFunc=0.081677, BlockTillAllRequestsFinished=0.011973, ResetLoadersForSaveUnMarkAllObjects=103.683769, TagPackageExports=3.172152, BeginCacheForCookedPlatformData=0.004701, SerializeImports=29.588930, GatherLocalizableTextData=41.464611, MarkNames=0.206117, SerializeSummary=0.038058, SerializeNames=1.592491, SerializeGatherableTextData=0.121448, BuildExportMap=0.946771, SortExportsNonSeekfree=2.349820, SortExportsSeekfreeConstructor=0.147961, SortExportsSeekfreeInner=56.870373, SortExportsSeekfree=0.011116, BuildDependencyMap=0.278816, SerializeImportMap=0.083391, SerializeExportMap=0.120591, SerializeDependencyMap=0.025228, SerializeStringAssetReferenceMap=0.004277, SaveThumbNailsAssetRegistryDataWorldLevelInfo=2.547387, SerializeExports=21.599110, SerializeBulkData=644.050232, MoveFile=3.223039, UnaccountedTime=1.919199, RunGuid=RunID61F6334A4014FE717F336182279350E9
SavePackageTransactionId2E2FC44B443A9F95B83BA8A2F075CF22_41, Filename=../../../../sergey/UnrealProjects/TopDownMiniGame/Content/TopDownBP/Blueprints/TopDownCharacter.uasset, AutoPackageBackupDelegate=3.645964, FlushAsyncLoading=0.008982, FlushStreamingFunc=0.111610, BlockTillAllRequestsFinished=0.008553, ResetLoadersForSaveUnMarkAllObjects=0.146676, TagPackageExports=33.593674, BeginCacheForCookedPlatformData=0.008553, SerializeImports=36.764542, GatherLocalizableTextData=24.219193, MarkNames=0.175755, SerializeSummary=0.023946, SerializeNames=0.652563, SerializeGatherableTextData=0.245456, BuildExportMap=0.581577, SortExportsNonSeekfree=5.068686, SortExportsSeekfreeConstructor=0.021808, SortExportsSeekfreeInner=70.143547, SortExportsSeekfree=0.013683, BuildDependencyMap=1.531769, SerializeImportMap=0.067141, SerializeExportMap=0.230063, SerializeDependencyMap=0.040196, SerializeStringAssetReferenceMap=0.004705, SaveThumbNailsAssetRegistryDataWorldLevelInfo=17.842390, SerializeExports=68.960724, SerializeBulkData=0.018813, MoveFile=2.369918, UnaccountedTime=2.557650, RunGuid=RunID61F6334A4014FE717F336182279350E9
SavePackageTransactionId2E2FC44B443A9F95B83BA8A2F075CF22_42, Filename=../../../../sergey/UnrealProjects/TopDownMiniGame/Content/TopDownBP/Maps/TopDownExampleMap.umap, AutoPackageBackupDelegate=3.538627, FlushAsyncLoading=0.004705, FlushStreamingFunc=0.064146, BlockTillAllRequestsFinished=0.009835, ResetLoadersForSaveUnMarkAllObjects=95.432663, TagPackageExports=3.962409, BeginCacheForCookedPlatformData=0.007696, SerializeImports=5.716115, GatherLocalizableTextData=23.989130, MarkNames=0.139832, SerializeSummary=0.026088, SerializeNames=0.861671, SerializeGatherableTextData=0.053883, BuildExportMap=0.570882, SortExportsNonSeekfree=1.475748, SortExportsSeekfreeConstructor=0.095788, SortExportsSeekfreeInner=39.661304, SortExportsSeekfree=0.009406, BuildDependencyMap=0.206117, SerializeImportMap=0.082958, SerializeExportMap=0.115890, SerializeDependencyMap=0.019670, SerializeStringAssetReferenceMap=0.003424, SaveThumbNailsAssetRegistryDataWorldLevelInfo=2.069723, SerializeExports=17.039303, SerializeBulkData=650.344055, MoveFile=5.724240, UnaccountedTime=2.070580, RunGuid=RunID61F6334A4014FE717F336182279350E9
SavePackageTransactionId2E2FC44B443A9F95B83BA8A2F075CF22_43, Filename=../../../../sergey/UnrealProjects/TopDownMiniGame/Content/TopDownBP/Inventory/Interactable.uasset, AutoPackageBackupDelegate=5.952168, FlushAsyncLoading=0.013255, FlushStreamingFunc=0.221942, BlockTillAllRequestsFinished=0.011545, ResetLoadersForSaveUnMarkAllObjects=0.194572, TagPackageExports=20.397472, BeginCacheForCookedPlatformData=0.009410, SerializeImports=48.935715, GatherLocalizableTextData=9.333003, MarkNames=0.116739, SerializeSummary=0.074837, SerializeNames=0.318583, SerializeGatherableTextData=0.325426, BuildExportMap=0.390854, SortExportsNonSeekfree=1.832817, SortExportsSeekfreeConstructor=0.028223, SortExportsSeekfreeInner=13.925310, SortExportsSeekfree=0.010688, BuildDependencyMap=0.112895, SerializeImportMap=0.026941, SerializeExportMap=0.074405, SerializeDependencyMap=0.013255, SerializeStringAssetReferenceMap=0.003424, SaveThumbNailsAssetRegistryDataWorldLevelInfo=1.616865, SerializeExports=19.109453, SerializeBulkData=0.014111, MoveFile=1.890548, UnaccountedTime=1.950417, RunGuid=RunID61F6334A4014FE717F336182279350E9
SavePackageTransactionId2E2FC44B443A9F95B83BA8A2F075CF22_44, Filename=../../../../sergey/UnrealProjects/TopDownMiniGame/Content/TopDownBP/Blueprints/TopDownController.uasset, AutoPackageBackupDelegate=6.423842, FlushAsyncLoading=0.014968, FlushStreamingFunc=0.085525, BlockTillAllRequestsFinished=0.008553, ResetLoadersForSaveUnMarkAllObjects=0.168912, TagPackageExports=86.709038, BeginCacheForCookedPlatformData=0.011116, SerializeImports=87.499298, GatherLocalizableTextData=49.490356, MarkNames=0.322003, SerializeSummary=0.026513, SerializeNames=0.842430, SerializeGatherableTextData=0.660688, BuildExportMap=0.854403, SortExportsNonSeekfree=14.637310, SortExportsSeekfreeConstructor=0.118453, SortExportsSeekfreeInner=93.097816, SortExportsSeekfree=0.011545, BuildDependencyMap=0.533253, SerializeImportMap=0.052597, SerializeExportMap=0.376742, SerializeDependencyMap=0.075690, SerializeStringAssetReferenceMap=0.005133, SaveThumbNailsAssetRegistryDataWorldLevelInfo=9.676386, SerializeExports=126.077415, SerializeBulkData=0.015821, MoveFile=2.514031, UnaccountedTime=2.177056, RunGuid=RunID61F6334A4014FE717F336182279350E9
SavePackageTransactionId2E2FC44B443A9F95B83BA8A2F075CF22_45, Filename=../../../../sergey/UnrealProjects/TopDownMiniGame/Content/TopDownBP/Blueprints/TopDownController.uasset, AutoPackageBackupDelegate=3.710538, FlushAsyncLoading=0.005987, FlushStreamingFunc=0.110328, BlockTillAllRequestsFinished=0.006843, ResetLoadersForSaveUnMarkAllObjects=0.154372, TagPackageExports=82.014091, BeginCacheForCookedPlatformData=0.010263, SerializeImports=95.888092, GatherLocalizableTextData=54.762161, MarkNames=0.366904, SerializeSummary=0.030361, SerializeNames=1.002364, SerializeGatherableTextData=0.741508, BuildExportMap=0.991672, SortExportsNonSeekfree=16.874664, SortExportsSeekfreeConstructor=0.132993, SortExportsSeekfreeInner=98.192154, SortExportsSeekfree=0.011977, BuildDependencyMap=0.586279, SerializeImportMap=0.052601, SerializeExportMap=0.379305, SerializeDependencyMap=0.077400, SerializeStringAssetReferenceMap=0.004701, SaveThumbNailsAssetRegistryDataWorldLevelInfo=10.207076, SerializeExports=131.650269, SerializeBulkData=0.015393, MoveFile=2.445608, UnaccountedTime=2.134297, RunGuid=RunID61F6334A4014FE717F336182279350E9
SavePackageTransactionId2E2FC44B443A9F95B83BA8A2F075CF22_46, Filename=../../../../sergey/UnrealProjects/TopDownMiniGame/Content/TopDownBP/Maps/TopDownExampleMap.umap, AutoPackageBackupDelegate=60.568081, FlushAsyncLoading=0.020526, FlushStreamingFunc=0.118453, BlockTillAllRequestsFinished=0.012830, ResetLoadersForSaveUnMarkAllObjects=124.761169, TagPackageExports=3.078502, BeginCacheForCookedPlatformData=0.006411, SerializeImports=20.367111, GatherLocalizableTextData=23.798834, MarkNames=0.144966, SerializeSummary=0.026513, SerializeNames=0.981409, SerializeGatherableTextData=0.057302, BuildExportMap=0.614073, SortExportsNonSeekfree=1.604035, SortExportsSeekfreeConstructor=0.102632, SortExportsSeekfreeInner=45.220905, SortExportsSeekfree=0.009410, BuildDependencyMap=0.215523, SerializeImportMap=0.087235, SerializeExportMap=0.121020, SerializeDependencyMap=0.020098, SerializeStringAssetReferenceMap=0.003848, SaveThumbNailsAssetRegistryDataWorldLevelInfo=2.234791, SerializeExports=18.018145, SerializeBulkData=623.849487, MoveFile=3.639549, UnaccountedTime=2.108641, RunGuid=RunID61F6334A4014FE717F336182279350E9
SavePackageTransactionId2E2FC44B443A9F95B83BA8A2F075CF22_47, Filename=../../../../sergey/UnrealProjects/TopDownMiniGame/Content/TopDownBP/Blueprints/TopDownController.uasset, AutoPackageBackupDelegate=2.786432, FlushAsyncLoading=0.004701, FlushStreamingFunc=1.110982, BlockTillAllRequestsFinished=0.012826, ResetLoadersForSaveUnMarkAllObjects=0.168916, TagPackageExports=81.380783, BeginCacheForCookedPlatformData=0.009410, SerializeImports=87.768700, GatherLocalizableTextData=45.824287, MarkNames=0.326708, SerializeSummary=0.026084, SerializeNames=0.857398, SerializeGatherableTextData=0.593118, BuildExportMap=0.851411, SortExportsNonSeekfree=15.177831, SortExportsSeekfreeConstructor=0.028651, SortExportsSeekfreeInner=93.666557, SortExportsSeekfree=0.011116, BuildDependencyMap=0.553783, SerializeImportMap=0.048749, SerializeExportMap=0.333980, SerializeDependencyMap=0.081249, SerializeStringAssetReferenceMap=0.005562, SaveThumbNailsAssetRegistryDataWorldLevelInfo=8.609879, SerializeExports=119.826759, SerializeBulkData=0.015393, MoveFile=2.077848, UnaccountedTime=1.917060, RunGuid=RunID61F6334A4014FE717F336182279350E9
SavePackageTransactionId2E2FC44B443A9F95B83BA8A2F075CF22_48, Filename=../../../../sergey/UnrealProjects/TopDownMiniGame/Content/TopDownBP/Maps/TopDownExampleMap.umap, AutoPackageBackupDelegate=3.481757, FlushAsyncLoading=0.004701, FlushStreamingFunc=0.088520, BlockTillAllRequestsFinished=0.008982, ResetLoadersForSaveUnMarkAllObjects=104.505241, TagPackageExports=3.374849, BeginCacheForCookedPlatformData=0.005130, SerializeImports=6.544862, GatherLocalizableTextData=25.792009, MarkNames=0.145823, SerializeSummary=0.025231, SerializeNames=0.918116, SerializeGatherableTextData=0.056878, BuildExportMap=0.643153, SortExportsNonSeekfree=1.709659, SortExportsSeekfreeConstructor=0.104342, SortExportsSeekfreeInner=48.392204, SortExportsSeekfree=0.010692, BuildDependencyMap=0.251018, SerializeImportMap=0.082102, SerializeExportMap=0.108618, SerializeDependencyMap=0.023946, SerializeStringAssetReferenceMap=0.003848, SaveThumbNailsAssetRegistryDataWorldLevelInfo=2.520446, SerializeExports=20.614710, SerializeBulkData=654.920532, MoveFile=5.078949, UnaccountedTime=1.962818, RunGuid=RunID61F6334A4014FE717F336182279350E9
SavePackageTransactionId2E2FC44B443A9F95B83BA8A2F075CF22_49, Filename=../../../../sergey/UnrealProjects/TopDownMiniGame/Content/TopDownBP/Blueprints/TopDownController.uasset, AutoPackageBackupDelegate=3.321394, FlushAsyncLoading=0.006415, FlushStreamingFunc=0.092369, BlockTillAllRequestsFinished=0.009406, ResetLoadersForSaveUnMarkAllObjects=0.182170, TagPackageExports=72.893631, BeginCacheForCookedPlatformData=0.008978, SerializeImports=92.060387, GatherLocalizableTextData=47.872204, MarkNames=0.320721, SerializeSummary=0.026513, SerializeNames=0.834733, SerializeGatherableTextData=0.700884, BuildExportMap=0.850126, SortExportsNonSeekfree=14.468826, SortExportsSeekfreeConstructor=0.034638, SortExportsSeekfreeInner=89.102905, SortExportsSeekfree=0.011120, BuildDependencyMap=0.501607, SerializeImportMap=0.047892, SerializeExportMap=0.323717, SerializeDependencyMap=0.068419, SerializeStringAssetReferenceMap=0.004277, SaveThumbNailsAssetRegistryDataWorldLevelInfo=8.564126, SerializeExports=115.822014, SerializeBulkData=0.014540, MoveFile=1.974791, UnaccountedTime=1.812719, RunGuid=RunID61F6334A4014FE717F336182279350E9
SavePackageTransactionId2E2FC44B443A9F95B83BA8A2F075CF22_50, Filename=../../../../sergey/UnrealProjects/TopDownMiniGame/Content/TopDownBP/Blueprints/TopDownController.uasset, AutoPackageBackupDelegate=3.490735, FlushAsyncLoading=0.005133, FlushStreamingFunc=0.112891, BlockTillAllRequestsFinished=0.008982, ResetLoadersForSaveUnMarkAllObjects=0.141118, TagPackageExports=69.482430, BeginCacheForCookedPlatformData=0.008553, SerializeImports=86.599991, GatherLocalizableTextData=47.527538, MarkNames=0.292070, SerializeSummary=0.025228, SerializeNames=0.923678, SerializeGatherableTextData=0.543516, BuildExportMap=0.761610, SortExportsNonSeekfree=12.799360, SortExportsSeekfreeConstructor=0.109047, SortExportsSeekfreeInner=83.529182, SortExportsSeekfree=0.011548, BuildDependencyMap=0.446443, SerializeImportMap=0.050887, SerializeExportMap=0.340395, SerializeDependencyMap=0.063289, SerializeStringAssetReferenceMap=0.004705, SaveThumbNailsAssetRegistryDataWorldLevelInfo=8.353304, SerializeExports=117.408516, SerializeBulkData=0.015821, MoveFile=2.237782, UnaccountedTime=2.436627, RunGuid=RunID61F6334A4014FE717F336182279350E9
SavePackageTransactionId2E2FC44B443A9F95B83BA8A2F075CF22_51, Filename=../../../../sergey/UnrealProjects/TopDownMiniGame/Content/TopDownBP/Blueprints/TopDownController.uasset, AutoPackageBackupDelegate=2.896756, FlushAsyncLoading=0.004277, FlushStreamingFunc=0.092369, BlockTillAllRequestsFinished=0.008982, ResetLoadersForSaveUnMarkAllObjects=0.137694, TagPackageExports=69.314796, BeginCacheForCookedPlatformData=0.008982, SerializeImports=82.504158, GatherLocalizableTextData=50.397350, MarkNames=0.381447, SerializeSummary=0.034209, SerializeNames=0.931375, SerializeGatherableTextData=0.638880, BuildExportMap=0.891179, SortExportsNonSeekfree=15.106418, SortExportsSeekfreeConstructor=0.129145, SortExportsSeekfreeInner=88.412712, SortExportsSeekfree=0.011548, BuildDependencyMap=0.467826, SerializeImportMap=0.054311, SerializeExportMap=0.365622, SerializeDependencyMap=0.095360, SerializeStringAssetReferenceMap=0.005987, SaveThumbNailsAssetRegistryDataWorldLevelInfo=8.098010, SerializeExports=106.831116, SerializeBulkData=0.016250, MoveFile=2.274986, UnaccountedTime=2.053902, RunGuid=RunID61F6334A4014FE717F336182279350E9
SavePackageTransactionId2E2FC44B443A9F95B83BA8A2F075CF22_52, Filename=../../../../sergey/UnrealProjects/TopDownMiniGame/Content/TopDownBP/Maps/TopDownExampleMap.umap, AutoPackageBackupDelegate=3.892709, FlushAsyncLoading=0.005558, FlushStreamingFunc=0.085097, BlockTillAllRequestsFinished=0.010263, ResetLoadersForSaveUnMarkAllObjects=101.473785, TagPackageExports=3.011364, BeginCacheForCookedPlatformData=0.005130, SerializeImports=5.427469, GatherLocalizableTextData=23.936529, MarkNames=0.140261, SerializeSummary=0.023950, SerializeNames=0.953183, SerializeGatherableTextData=0.056874, BuildExportMap=0.609372, SortExportsNonSeekfree=1.668610, SortExportsSeekfreeConstructor=0.106052, SortExportsSeekfreeInner=47.964146, SortExportsSeekfree=0.010692, BuildDependencyMap=0.227924, SerializeImportMap=0.078686, SerializeExportMap=0.108190, SerializeDependencyMap=0.021379, SerializeStringAssetReferenceMap=0.002995, SaveThumbNailsAssetRegistryDataWorldLevelInfo=2.302356, SerializeExports=19.169319, SerializeBulkData=622.237732, MoveFile=3.316689, UnaccountedTime=1.936305, RunGuid=RunID61F6334A4014FE717F336182279350E9
SavePackageTransactionId2E2FC44B443A9F95B83BA8A2F075CF22_53, Filename=../../../../sergey/UnrealProjects/TopDownMiniGame/Content/TopDownBP/Blueprints/TopDownCharacter.uasset, AutoPackageBackupDelegate=5.874764, FlushAsyncLoading=0.015825, FlushStreamingFunc=0.064999, BlockTillAllRequestsFinished=0.006843, ResetLoadersForSaveUnMarkAllObjects=0.177037, TagPackageExports=30.934677, BeginCacheForCookedPlatformData=0.008982, SerializeImports=39.123341, GatherLocalizableTextData=24.577547, MarkNames=0.185162, SerializeSummary=0.024375, SerializeNames=0.670951, SerializeGatherableTextData=0.257861, BuildExportMap=0.620063, SortExportsNonSeekfree=5.612627, SortExportsSeekfreeConstructor=0.024803, SortExportsSeekfreeInner=54.615913, SortExportsSeekfree=0.011116, BuildDependencyMap=1.269631, SerializeImportMap=0.046611, SerializeExportMap=0.146247, SerializeDependencyMap=0.038058, SerializeStringAssetReferenceMap=0.004705, SaveThumbNailsAssetRegistryDataWorldLevelInfo=15.776515, SerializeExports=46.782604, SerializeBulkData=0.014540, MoveFile=3.419749, UnaccountedTime=1.809727, RunGuid=RunID61F6334A4014FE717F336182279350E9
SavePackageTransactionId2E2FC44B443A9F95B83BA8A2F075CF22_54, Filename=../../../../sergey/UnrealProjects/TopDownMiniGame/Content/TopDownBP/Maps/TopDownExampleMap.umap, AutoPackageBackupDelegate=3.461655, FlushAsyncLoading=0.005130, FlushStreamingFunc=0.065856, BlockTillAllRequestsFinished=0.007696, ResetLoadersForSaveUnMarkAllObjects=90.185234, TagPackageExports=2.744950, BeginCacheForCookedPlatformData=0.006415, SerializeImports=5.001549, GatherLocalizableTextData=23.340839, MarkNames=0.135560, SerializeSummary=0.024375, SerializeNames=0.837725, SerializeGatherableTextData=0.053026, BuildExportMap=0.570029, SortExportsNonSeekfree=1.488578, SortExportsSeekfreeConstructor=0.102203, SortExportsSeekfreeInner=42.818058, SortExportsSeekfree=0.009835, BuildDependencyMap=0.215951, SerializeImportMap=0.084668, SerializeExportMap=0.115462, SerializeDependencyMap=0.021383, SerializeStringAssetReferenceMap=0.002991, SaveThumbNailsAssetRegistryDataWorldLevelInfo=2.197586, SerializeExports=18.275578, SerializeBulkData=601.492615, MoveFile=3.656227, UnaccountedTime=2.094954, RunGuid=RunID61F6334A4014FE717F336182279350E9
SavePackageTransactionId2E2FC44B443A9F95B83BA8A2F075CF22_55, Filename=../../../../sergey/UnrealProjects/TopDownMiniGame/Content/TopDownBP/Blueprints/TopDownCharacter.uasset, AutoPackageBackupDelegate=3.254257, FlushAsyncLoading=0.004701, FlushStreamingFunc=0.066712, BlockTillAllRequestsFinished=0.008550, ResetLoadersForSaveUnMarkAllObjects=0.135560, TagPackageExports=33.370880, BeginCacheForCookedPlatformData=0.009406, SerializeImports=46.241226, GatherLocalizableTextData=43.260227, MarkNames=0.364337, SerializeSummary=0.035923, SerializeNames=0.972856, SerializeGatherableTextData=0.311315, BuildExportMap=0.665817, SortExportsNonSeekfree=4.799705, SortExportsSeekfreeConstructor=0.032928, SortExportsSeekfreeInner=64.332924, SortExportsSeekfree=0.011545, BuildDependencyMap=1.238842, SerializeImportMap=0.047039, SerializeExportMap=0.147957, SerializeDependencyMap=0.057302, SerializeStringAssetReferenceMap=0.008125, SaveThumbNailsAssetRegistryDataWorldLevelInfo=17.371143, SerializeExports=44.172787, SerializeBulkData=0.014540, MoveFile=1.722064, UnaccountedTime=1.673739, RunGuid=RunID61F6334A4014FE717F336182279350E9
SavePackageTransactionId2E2FC44B443A9F95B83BA8A2F075CF22_56, Filename=../../../../sergey/UnrealProjects/TopDownMiniGame/Content/TopDownBP/Blueprints/TopDownController.uasset, AutoPackageBackupDelegate=2.896760, FlushAsyncLoading=0.004273, FlushStreamingFunc=0.073552, BlockTillAllRequestsFinished=0.007700, ResetLoadersForSaveUnMarkAllObjects=0.120163, TagPackageExports=67.452049, BeginCacheForCookedPlatformData=0.008978, SerializeImports=95.490395, GatherLocalizableTextData=49.396278, MarkNames=0.311740, SerializeSummary=0.024803, SerializeNames=0.792395, SerializeGatherableTextData=0.558913, BuildExportMap=0.812493, SortExportsNonSeekfree=14.115605, SortExportsSeekfreeConstructor=0.028223, SortExportsSeekfreeInner=94.731781, SortExportsSeekfree=0.022665, BuildDependencyMap=0.543088, SerializeImportMap=0.049602, SerializeExportMap=0.355788, SerializeDependencyMap=0.075690, SerializeStringAssetReferenceMap=0.004277, SaveThumbNailsAssetRegistryDataWorldLevelInfo=45.136662, SerializeExports=126.053894, SerializeBulkData=0.014968, MoveFile=2.058178, UnaccountedTime=2.530281, RunGuid=RunID61F6334A4014FE717F336182279350E9
SavePackageTransactionId2E2FC44B443A9F95B83BA8A2F075CF22_57, Filename=../../../../sergey/UnrealProjects/TopDownMiniGame/Content/TopDownBP/Maps/TopDownExampleMap.umap, AutoPackageBackupDelegate=3.554452, FlushAsyncLoading=0.004705, FlushStreamingFunc=0.063717, BlockTillAllRequestsFinished=0.008550, ResetLoadersForSaveUnMarkAllObjects=102.288414, TagPackageExports=3.600635, BeginCacheForCookedPlatformData=0.005133, SerializeImports=6.354138, GatherLocalizableTextData=27.813412, MarkNames=0.162501, SerializeSummary=0.027366, SerializeNames=1.005784, SerializeGatherableTextData=0.061151, BuildExportMap=0.677794, SortExportsNonSeekfree=1.766533, SortExportsSeekfreeConstructor=0.113323, SortExportsSeekfreeInner=48.527328, SortExportsSeekfree=0.011548, BuildDependencyMap=0.247594, SerializeImportMap=0.092793, SerializeExportMap=0.129573, SerializeDependencyMap=0.022236, SerializeStringAssetReferenceMap=0.003424, SaveThumbNailsAssetRegistryDataWorldLevelInfo=2.488371, SerializeExports=22.886272, SerializeBulkData=735.028259, MoveFile=5.826872, UnaccountedTime=2.146270, RunGuid=RunID61F6334A4014FE717F336182279350E9
